rank,nazev,obec,okres,kraj,pocet_zaku,email,telefon,web,score_total,priorita,pristup,pristup_label,dotace_had,dotace_last_year,score_dotace,score_size,score_vz_gap,score_region,score_competition
1,Základní škola a mateřská škola Nehvizdy,Nehvizdy,Praha-východ,Středočeský kraj,826,reditel@skolanehvizdy.cz,,,60.0,A,PM,🟢 Poptávkové řízení — oslovit ASAP,False,,0.0,25.0,15.0,15.0,5.0
2,Střední škola managementu a služeb s.r.o.,Praha,CZ0104,Hlavní město Praha,721,sousos@sousos.cz,,,60.0,A,PM,🟢 Poptávkové řízení — oslovit ASAP,False,,0.0,25.0,15.0,15.0,5.0
3,"Fakultní základní škola a mateřská škola Barrandov II při PedF UK, Praha 5 - Hlubočepy, V Remízku 7/919, příspěvková organizace",Praha,CZ0105,Hlavní město Praha,700,daniela.sejpalova@fzsbarr.cz,,,60.0,A,PM,🟢 Poptávkové řízení — oslovit ASAP,False,,0.0,25.0,15.0,15.0,5.0
4,"ŠKODA AUTO a.s., Střední odborné učiliště strojírenské, odštěpný závod",Mladá Boleslav,Mladá Boleslav,Středočeský kraj,805,sou@skoda-auto.cz,,,60.0,A,PM,🟢 Poptávkové řízení — oslovit ASAP,False,,0.0,25.0,15.0,15.0,5.0
5,"Základní škola Vladislava Vančury, Praha - Zbraslav",Praha,CZ0105,Hlavní město Praha,812,skola@zs.zbraslav.info,,,60.0,A,PM,🟢 Poptávkové řízení — oslovit ASAP,False,,0.0,25.0,15.0,15.0,5.0
6,"Střední průmyslová škola dopravní, a.s.",Praha,CZ0105,Hlavní město Praha,1014,sobotka@sps-dopravni.cz,,,60.0,A,PM,🟢 Poptávkové řízení — oslovit ASAP,False,,0.0,25.0,15.0,15.0,5.0
7,"Základní škola, Praha 13, Kuncova 1580",Praha,CZ0105,Hlavní město Praha,756,zs.kuncova@tiscali.cz,,,60.0,A,PM,🟢 Poptávkové řízení — oslovit ASAP,False,,0.0,25.0,15.0,15.0,5.0
8,"Smíchovská střední průmyslová škola, gymnázium a hotelová škola Radlická, příspěvková organizace",Praha,CZ0105,Hlavní město Praha,979,petr.ruzicka@ssps.cz,,,60.0,A,PM,🟢 Poptávkové řízení — oslovit ASAP,False,,0.0,25.0,15.0,15.0,5.0
9,"Základní škola genpor. Františka Peřiny, Praha 6 - Řepy, Socháňova 19/1139",Praha,CZ0106,Hlavní město Praha,1014,zssoch@volny.cz,,,60.0,A,PM,🟢 Poptávkové řízení — oslovit ASAP,False,,0.0,25.0,15.0,15.0,5.0
10,Akademie řemesel Praha - Střední škola technická,Praha,CZ0104,Hlavní město Praha,979,dmatonoha@zelenypruh.cz,,,60.0,A,PM,🟢 Poptávkové řízení — oslovit ASAP,False,,0.0,25.0,15.0,15.0,5.0
11,Střední škola gastronomická a hotelová s.r.o.,Praha,CZ0104,Hlavní město Praha,2270,info@ssgh.cz,,,60.0,A,PM,🟢 Poptávkové řízení — oslovit ASAP,False,,0.0,25.0,15.0,15.0,5.0
12,"Základní škola, Praha 4, Ke Kateřinkám 1400",Praha,CZ0104,Hlavní město Praha,700,skola@zskaterinky.cz,,,60.0,A,PM,🟢 Poptávkové řízení — oslovit ASAP,False,,0.0,25.0,15.0,15.0,5.0
13,"Základní škola a Základní umělecká škola Líbeznice, příspěvková organizace",Líbeznice,Praha-východ,Středočeský kraj,1085,grunt@zslibeznice.cz,,,60.0,A,PM,🟢 Poptávkové řízení — oslovit ASAP,False,,0.0,25.0,15.0,15.0,5.0
14,Základní škola Hostivice,Hostivice,Praha-západ,Středočeský kraj,700,skola@zshostivice.cz,,,60.0,A,PM,🟢 Poptávkové řízení — oslovit ASAP,False,,0.0,25.0,15.0,15.0,5.0
15,"Základní škola Praha 7, Strossmayerovo náměstí 4",Praha,CZ0107,Hlavní město Praha,798,frantisek.rada@zs-stross.cz,,,60.0,A,PM,🟢 Poptávkové řízení — oslovit ASAP,False,,0.0,25.0,15.0,15.0,5.0
16,"Základní škola Zdenky Braunerové Roztoky, příspěvková organizace",Roztoky,Praha-západ,Středočeský kraj,717,info@zszb.cz,,,60.0,A,PM,🟢 Poptávkové řízení — oslovit ASAP,False,,0.0,25.0,15.0,15.0,5.0
17,"Základní škola Černošice, příspěvková organizace",Černošice,Praha-západ,Středočeský kraj,714,zsc@zscernos.cz,,,60.0,A,PM,🟢 Poptávkové řízení — oslovit ASAP,False,,0.0,25.0,15.0,15.0,5.0
18,Střední škola obchodní,Praha,CZ0102,Hlavní město Praha,840,sekretariat@ssob.cz,,,60.0,A,PM,🟢 Poptávkové řízení — oslovit ASAP,False,,0.0,25.0,15.0,15.0,5.0
19,"Střední průmyslová škola potravinářských technologií, Střední odborná škola přírodovědná a veterinární a Gymnázium, Praha 2, Podskalská 10, příspěvková organizace",Praha,CZ0102,Hlavní město Praha,735,jakesova@podskalska.cz,,,60.0,A,PM,🟢 Poptávkové řízení — oslovit ASAP,False,,0.0,25.0,15.0,15.0,5.0
20,"Základní škola, Praha 8, Burešova 14",Praha,CZ0108,Hlavní město Praha,700,info@zsburesova.cz,,,60.0,A,PM,🟢 Poptávkové řízení — oslovit ASAP,False,,0.0,25.0,15.0,15.0,5.0
21,Základní škola Praha - Radotín,Praha,CZ0105,Hlavní město Praha,714,kovarik@skola-radotin.cz,,,60.0,A,PM,🟢 Poptávkové řízení — oslovit ASAP,False,,0.0,25.0,15.0,15.0,5.0
22,"Základní škola Na Výsluní, Brandýs nad Labem - Stará Boleslav, Kostelecká 1750, okres Praha - východ",Brandýs nad Labem-Stará Boleslav,Praha-východ,Středočeský kraj,812,skola@zsnavysluni.cz,,,60.0,A,PM,🟢 Poptávkové řízení — oslovit ASAP,False,,0.0,25.0,15.0,15.0,5.0
23,"Základní škola Bohumila Hrabala, Praha 8, Zenklova 52",Praha,CZ0108,Hlavní město Praha,770,zast@zs-bhrabala.cz,,,60.0,A,PM,🟢 Poptávkové řízení — oslovit ASAP,False,,0.0,25.0,15.0,15.0,5.0
24,Základní škola a mateřská škola ANGEL v Praze 12,Praha,CZ0104,Hlavní město Praha,737,cichonova@zsangel.cz,,,60.0,A,PM,🟢 Poptávkové řízení — oslovit ASAP,False,,0.0,25.0,15.0,15.0,5.0
25,Střední odborná škola Čelákovice s.r.o.,Čelákovice,Praha-východ,Středočeský kraj,1365,srimpl@soscelakovice.cz,,,60.0,A,PM,🟢 Poptávkové řízení — oslovit ASAP,False,,0.0,25.0,15.0,15.0,5.0
26,"Gymnázium, Příbram, Legionářů 402",Příbram,Příbram,Středočeský kraj,909,benes@gympb.cz,,,60.0,A,PM,🟢 Poptávkové řízení — oslovit ASAP,False,,0.0,25.0,15.0,15.0,5.0
27,"Střední odborná škola a Střední odborné učiliště řemesel, Kutná Hora, Čáslavská 202",Kutná Hora,Kutná Hora,Středočeský kraj,760,vavrinec@soskh.cz,,,60.0,A,PM,🟢 Poptávkové řízení — oslovit ASAP,False,,0.0,25.0,15.0,15.0,5.0
28,"Střední odborná škola a Střední odborné učiliště, Beroun - Hlinky, Okružní 1404",Beroun,Beroun,Středočeský kraj,1155,skola@soshlinky.cz,,,60.0,A,PM,🟢 Poptávkové řízení — oslovit ASAP,False,,0.0,25.0,15.0,15.0,5.0
29,"Střední odborná škola a Střední odborné učiliště, Mladá Boleslav, Jičínská 762",Mladá Boleslav,Mladá Boleslav,Středočeský kraj,735,slegl@odbskmb.cz,,,60.0,A,PM,🟢 Poptávkové řízení — oslovit ASAP,False,,0.0,25.0,15.0,15.0,5.0
30,"Akademie pedagogiky, sociální činnosti a hotelnictví - Střední odborná škola, s.r.o.",Jihlava,Jihlava,Středočeský kraj,1819,sosmap@seznam.cz,,,60.0,A,PM,🟢 Poptávkové řízení — oslovit ASAP,False,,0.0,25.0,15.0,15.0,5.0
31,"Základní škola a mateřská škola, Praha 3, Chelčického 43/2614",Praha,CZ0103,Hlavní město Praha,735,hrebenova@chelcickeho.cz,,,60.0,A,PM,🟢 Poptávkové řízení — oslovit ASAP,False,,0.0,25.0,15.0,15.0,5.0
32,"Střední odborná škola a Střední odborné učiliště, Neratovice, Školní 664",Neratovice,Mělník,Středočeský kraj,746,hrejsova.marcela@sosasou.cz,,,60.0,A,PM,🟢 Poptávkové řízení — oslovit ASAP,False,,0.0,25.0,15.0,15.0,5.0
33,Střední škola gastronomie,Praha,CZ010A,Hlavní město Praha,770,MrvovaK@ssgukrbu.cz,,,60.0,A,PM,🟢 Poptávkové řízení — oslovit ASAP,False,,0.0,25.0,15.0,15.0,5.0
34,"PORG - gymnázium, základní škola a mateřská škola, o.p.s.",Brno,Brno-město,Hlavní město Praha,1885,dluhosova@porg.cz,,,60.0,A,PM,🟢 Poptávkové řízení — oslovit ASAP,False,,0.0,25.0,15.0,15.0,5.0
35,Základní škola Meteorologická,Praha,CZ0104,Hlavní město Praha,700,reditel@zsmeteo.cz,,,60.0,A,PM,🟢 Poptávkové řízení — oslovit ASAP,False,,0.0,25.0,15.0,15.0,5.0
36,"Základní škola s rozšířenou výukou jazyků, Praha 4, K Milíčovu 674",Praha,CZ0104,Hlavní město Praha,763,kulikj@zsmilicov.cz,,,60.0,A,PM,🟢 Poptávkové řízení — oslovit ASAP,False,,0.0,25.0,15.0,15.0,5.0
37,Střední škola podnikání a gastronomie,Praha,CZ0109,Hlavní město Praha,791,sougastropraha9@seznam.cz,,,60.0,A,PM,🟢 Poptávkové řízení — oslovit ASAP,False,,0.0,25.0,15.0,15.0,5.0
38,"Základní škola, Praha 4, Květnového vítězství 1554",Praha,CZ0104,Hlavní město Praha,944,pavel.kopecny@kvetnak.cz,,,60.0,A,PM,🟢 Poptávkové řízení — oslovit ASAP,False,,0.0,25.0,15.0,15.0,5.0
39,Střední odborná škola Jarov,Praha,CZ0109,Hlavní město Praha,1190,sekret@skolajarov.cz,,,60.0,A,PM,🟢 Poptávkové řízení — oslovit ASAP,False,,0.0,25.0,15.0,15.0,5.0
40,"Základní škola Václava Havla, Poděbrady, Na Valech 45, okres Nymburk",Poděbrady,Nymburk,Středočeský kraj,756,info@zsvaclavahavla.cz,,,60.0,A,PM,🟢 Poptávkové řízení — oslovit ASAP,False,,0.0,25.0,15.0,15.0,5.0
41,"Základní škola Campanus, Praha 4, Jírovcovo náměstí 1782",Praha,CZ0104,Hlavní město Praha,770,central@campanus.cz,,,60.0,A,PM,🟢 Poptávkové řízení — oslovit ASAP,False,,0.0,25.0,15.0,15.0,5.0
42,"PORG - gymnázium, základní škola a mateřská škola, o.p.s.",Ostrava,Ostrava-město,Hlavní město Praha,804,dluhosova@porg.cz,,,60.0,A,PM,🟢 Poptávkové řízení — oslovit ASAP,False,,0.0,25.0,15.0,15.0,5.0
43,"Českoslovanská akademie obchodní Dr. Edvarda Beneše, střední odborná škola, Praha 2, Resslova 8",Praha,CZ0102,Hlavní město Praha,1085,cao8@cao8.cz,,,60.0,A,PM,🟢 Poptávkové řízení — oslovit ASAP,False,,0.0,25.0,15.0,15.0,5.0
44,"Základní škola Juventa, příspěvková organizace, Komenského 578, Milovice - Mladá",Milovice,Nymburk,Středočeský kraj,1050,reditel@zsjuventa.cz,,,60.0,A,PM,🟢 Poptávkové řízení — oslovit ASAP,False,,0.0,25.0,15.0,15.0,5.0
45,"Střední škola pedagogiky, cestovního ruchu a gastronomie Příbram, příspěvková organizace",Příbram,Příbram,Středočeský kraj,770,vrseckan@isspb.cz,,,60.0,A,PM,🟢 Poptávkové řízení — oslovit ASAP,False,,0.0,25.0,15.0,15.0,5.0
46,"Základní škola a Mateřská škola Dr. Edvarda Beneše, Praha-Čakovice",Praha,CZ0109,Hlavní město Praha,1236,zscakovice@zscakovice.cz,,,60.0,A,PM,🟢 Poptávkové řízení — oslovit ASAP,False,,0.0,25.0,15.0,15.0,5.0
47,"Střední odborná škola automobilní, informatiky a Gymnázium",Praha,CZ010A,Hlavní město Praha,979,mailbox@skolahostivar.cz,,,60.0,A,PM,🟢 Poptávkové řízení — oslovit ASAP,False,,0.0,25.0,15.0,15.0,5.0
48,Základní škola Novoborská,Praha,CZ0109,Hlavní město Praha,805,skola@novoborska.cz,,,60.0,A,PM,🟢 Poptávkové řízení — oslovit ASAP,False,,0.0,25.0,15.0,15.0,5.0
49,Střední odborná škola - Centrum odborné přípravy a Gymnázium,Praha,CZ0109,Hlavní město Praha,1400,lezal@copth.cz,,,60.0,A,PM,🟢 Poptávkové řízení — oslovit ASAP,False,,0.0,25.0,15.0,15.0,5.0
50,Základní škola Praha - Kbely,Praha,CZ0109,Hlavní město Praha,735,info@skola-kbely.cz,,,60.0,A,PM,🟢 Poptávkové řízení — oslovit ASAP,False,,0.0,25.0,15.0,15.0,5.0
51,"Masarykova základní škola, Praha 9 - Újezd nad Lesy, Polesná 1690",Praha,CZ0109,Hlavní město Praha,805,skala@zspolesna.cz,,,60.0,A,PM,🟢 Poptávkové řízení — oslovit ASAP,False,,0.0,25.0,15.0,15.0,5.0
52,"Základní škola, Nerudova 9, České Budějovice",České Budějovice,České Budějovice,Jihočeský kraj,819,zdenek.srom@zsnerudova.cz,,,58.5,A,PM,🟢 Poptávkové řízení — oslovit ASAP,False,,0.0,25.0,15.0,13.5,5.0
53,"Základní škola a základní umělecká škola, Bezdrevská 3, České Budějovice",České Budějovice,České Budějovice,Jihočeský kraj,756,zs@zsvltava.cz,,,58.5,A,PM,🟢 Poptávkové řízení — oslovit ASAP,False,,0.0,25.0,15.0,13.5,5.0
54,"Střední odborná škola a Střední odborné učiliště, Písek, Komenského 86",Písek,Písek,Jihočeský kraj,1000,sybkova@sou-pi.cz,,,58.5,A,PM,🟢 Poptávkové řízení — oslovit ASAP,False,,0.0,25.0,15.0,13.5,5.0
55,"Vyšší odborná škola, Střední průmyslová škola automobilní a technická, České Budějovice, Skuherského 3",České Budějovice,České Budějovice,Jihočeský kraj,1358,hart@spsautocb.cz,,,58.5,A,PM,🟢 Poptávkové řízení — oslovit ASAP,False,,0.0,25.0,15.0,13.5,5.0
56,"Základní škola a Mateřská škola Tábor, Helsinská 2732",Tábor,Tábor,Jihočeský kraj,700,hersalkova@zshelsinska.cz,,,58.5,A,PM,🟢 Poptávkové řízení — oslovit ASAP,False,,0.0,25.0,15.0,13.5,5.0
57,"Biskupské gymnázium J. N. Neumanna, církevní základní škola a základní umělecká škola České Budějovice",České Budějovice,České Budějovice,Jihočeský kraj,728,czs@bigy-cb.cz,,,58.5,A,PM,🟢 Poptávkové řízení — oslovit ASAP,False,,0.0,25.0,15.0,13.5,5.0
58,"Střední škola obchodu, služeb a řemesel a Jazyková škola s právem státní jazykové zkoušky, Tábor, Bydlinského 2474",Tábor,Tábor,Jihočeský kraj,979,podatelna@ssjs-tabor.cz,,,58.5,A,PM,🟢 Poptávkové řízení — oslovit ASAP,False,,0.0,25.0,15.0,13.5,5.0
59,"Střední škola obchodní, České Budějovice, Husova 9",České Budějovice,České Budějovice,Jihočeský kraj,1050,sekretariat@sso.cz,,,58.5,A,PM,🟢 Poptávkové řízení — oslovit ASAP,False,,0.0,25.0,15.0,13.5,5.0
60,"Vyšší odborná škola, Střední průmyslová škola a Střední odborná škola řemesel a služeb, Strakonice, Zvolenská 934",Strakonice,Strakonice,Jihočeský kraj,700,pilecek@ssst.cz,,,58.5,A,PM,🟢 Poptávkové řízení — oslovit ASAP,False,,0.0,25.0,15.0,13.5,5.0
61,"Základní škola Máj II, M. Chlajna 23, České Budějovice",České Budějovice,České Budějovice,Jihočeský kraj,875,kancelar@zsmaj2.cz,,,58.5,A,PM,🟢 Poptávkové řízení — oslovit ASAP,False,,0.0,25.0,15.0,13.5,5.0
62,"Střední škola polytechnická, České Budějovice, Nerudova 59",České Budějovice,České Budějovice,Jihočeský kraj,700,sekretariat@sspcb.cz,,,58.5,A,PM,🟢 Poptávkové řízení — oslovit ASAP,False,,0.0,25.0,15.0,13.5,5.0
63,"Základní škola T. G. Masaryka Poděbrady, Školní 556, okres Nymburk",Poděbrady,Nymburk,Středočeský kraj,651,sykora@zstgmpodebrady.cz,,,57.5,A,PM,🟢 Poptávkové řízení — oslovit ASAP,False,,0.0,22.5,15.0,15.0,5.0
64,"Základní škola s rozšířenou výukou jazyků, Praha 4, Filosofská 3, příspěvková organizace",Praha,CZ0104,Hlavní město Praha,525,skola@zsfilosofska.cz,,,57.5,A,PM,🟢 Poptávkové řízení — oslovit ASAP,False,,0.0,22.5,15.0,15.0,5.0
65,"Základní škola, Praha 4, Jižní IV., 10",Praha,CZ0104,Hlavní město Praha,574,reditel@zsjizni.cz,,,57.5,A,PM,🟢 Poptávkové řízení — oslovit ASAP,False,,0.0,22.5,15.0,15.0,5.0
66,"Základní škola Bělá pod Bezdězem, příspěvková organizace",Bělá pod Bezdězem,Mladá Boleslav,Středočeský kraj,560,zs@zsbela.cz,,,57.5,A,PM,🟢 Poptávkové řízení — oslovit ASAP,False,,0.0,22.5,15.0,15.0,5.0
67,"Gymnázium, Praha 7, Nad Štolou 1",Praha,CZ0107,Hlavní město Praha,672,dana.tvrska@gymstola.cz,,,57.5,A,PM,🟢 Poptávkové řízení — oslovit ASAP,False,,0.0,22.5,15.0,15.0,5.0
68,"Sportovní gymnázium, Kladno, Plzeňská 3103",Kladno,Kladno,Středočeský kraj,503,sgagy@volny.cz,,,57.5,A,PM,🟢 Poptávkové řízení — oslovit ASAP,False,,0.0,22.5,15.0,15.0,5.0
69,Gymnázium bratří Čapků a První české soukromé střední odborné učiliště s.r.o.,Praha,CZ010A,Hlavní město Praha,602,skola@gbc-pcssou.cz,,,57.5,A,PM,🟢 Poptávkové řízení — oslovit ASAP,False,,0.0,22.5,15.0,15.0,5.0
70,"Základní škola Neratovice, 28. října 1157, okres Mělník",Neratovice,Mělník,Středočeský kraj,672,info@3zsneratovice.cz,,,57.5,A,PM,🟢 Poptávkové řízení — oslovit ASAP,False,,0.0,22.5,15.0,15.0,5.0
71,"ART ECON - Gymnázium a Střední odborná škola Praha, s.r.o.",Praha,CZ0108,Hlavní město Praha,599,praha@artecon.cz,,,57.5,A,PM,🟢 Poptávkové řízení — oslovit ASAP,False,,0.0,22.5,15.0,15.0,5.0
72,Střední průmyslová škola na Proseku,Praha,CZ0109,Hlavní město Praha,503,sps-prosek@sps-prosek.cz,,,57.5,A,PM,🟢 Poptávkové řízení — oslovit ASAP,False,,0.0,22.5,15.0,15.0,5.0
73,"Gymnázium, Praha 10, Voděradská 2",Praha,CZ010A,Hlavní město Praha,510,info@gymvod.cz,,,57.5,A,PM,🟢 Poptávkové řízení — oslovit ASAP,False,,0.0,22.5,15.0,15.0,5.0
74,"Základní škola Kralupy nad Vltavou, Gen. Klapálka 1029, okres Mělník, příspěvková organizace",Kralupy nad Vltavou,Mělník,Středočeský kraj,553,michaela.gleichova@zsgenklapalka.cz,,,57.5,A,PM,🟢 Poptávkové řízení — oslovit ASAP,False,,0.0,22.5,15.0,15.0,5.0
75,Základní škola generála Františka Fajtla DFC,Praha,CZ0109,Hlavní město Praha,567,reditelna@zsfajtla.cz,,,57.5,A,PM,🟢 Poptávkové řízení — oslovit ASAP,False,,0.0,22.5,15.0,15.0,5.0
76,"ŠKOLA EU PRAHA, střední odborná škola a gymnázium",Praha,CZ0109,Hlavní město Praha,651,skola@skolaeupraha.cz,,,57.5,A,PM,🟢 Poptávkové řízení — oslovit ASAP,False,,0.0,22.5,15.0,15.0,5.0
77,Střední zdravotnická škola,Praha,CZ010A,Hlavní město Praha,539,sekretariat@szs-ruska.cz,,,57.5,A,PM,🟢 Poptávkové řízení — oslovit ASAP,False,,0.0,22.5,15.0,15.0,5.0
78,"Základní škola Mladá Boleslav, Václavkova 1082, příspěvková organizace",Mladá Boleslav,Mladá Boleslav,Středočeský kraj,609,zs7mb@seznam.cz,,,57.5,A,PM,🟢 Poptávkové řízení — oslovit ASAP,False,,0.0,22.5,15.0,15.0,5.0
79,"Gymnázium, Praha 9, Českolipská 373",Praha,CZ0109,Hlavní město Praha,503,info@ceskolipska.cz,,,57.5,A,PM,🟢 Poptávkové řízení — oslovit ASAP,False,,0.0,22.5,15.0,15.0,5.0
80,"Základní škola, Základní umělecká škola a Mateřská škola, Stochov",Stochov,Kladno,Středočeský kraj,584,sekretariat@zsstochov.cz,,,57.5,A,PM,🟢 Poptávkové řízení — oslovit ASAP,False,,0.0,22.5,15.0,15.0,5.0
81,"Základní škola Dr. Edvarda Beneše Mladá Boleslav, Laurinova 905, příspěvková organizace",Mladá Boleslav,Mladá Boleslav,Středočeský kraj,595,skola@zsbenese.cz,,,57.5,A,PM,🟢 Poptávkové řízení — oslovit ASAP,False,,0.0,22.5,15.0,15.0,5.0
82,"Vyšší odborná škola zdravotnická a Střední zdravotnická škola, Praha 4, 5. května 51",Praha,CZ0104,Hlavní město Praha,644,sekretariat@szs5kvetna.cz,,,57.5,A,PM,🟢 Poptávkové řízení — oslovit ASAP,False,,0.0,22.5,15.0,15.0,5.0
83,Základní škola a mateřská škola Na Beránku v Praze 12,Praha,CZ0104,Hlavní město Praha,557,naberanku@naberanku.cz,,,57.5,A,PM,🟢 Poptávkové řízení — oslovit ASAP,False,,0.0,22.5,15.0,15.0,5.0
84,"Střední škola hotelnictví a gastronomie SČMSD Praha, s.r.o.",Praha,CZ0109,Hlavní město Praha,510,jurikova@hotelova-skola.cz,,,57.5,A,PM,🟢 Poptávkové řízení — oslovit ASAP,False,,0.0,22.5,15.0,15.0,5.0
85,"Základní škola, Praha 10, Hostýnská 2100/2, příspěvková organizace",Praha,CZ01100,Hlavní město Praha,525,skola@hostynska.cz,,,57.5,A,PM,🟢 Poptávkové řízení — oslovit ASAP,False,,0.0,22.5,15.0,15.0,5.0
86,"Základní škola a Mateřská škola Nymburk, Komenského 589 - příspěvková organizace",Nymburk,Nymburk,Středočeský kraj,567,info@zs-komenskeho.cz,,,57.5,A,PM,🟢 Poptávkové řízení — oslovit ASAP,False,,0.0,22.5,15.0,15.0,5.0
87,"TRIVIS - Střední škola veřejnoprávní a Vyšší odborná škola prevence kriminality a krizového řízení Praha, s.r.o.",Praha,CZ0108,Hlavní město Praha,630,praha@trivis.cz,,,57.5,A,PM,🟢 Poptávkové řízení — oslovit ASAP,False,,0.0,22.5,15.0,15.0,5.0
88,"Střední škola Futurum, s.r.o.",Praha,CZ010A,Hlavní město Praha,539,katerina.ondrackova@spgsfuturum.cz,,,57.5,A,PM,🟢 Poptávkové řízení — oslovit ASAP,False,,0.0,22.5,15.0,15.0,5.0
89,Soukromá střední škola a základní škola (1. KŠPA) Praha s.r.o.,Praha,CZ0108,Hlavní město Praha,518,praha@1kspa.cz,,,57.5,A,PM,🟢 Poptávkové řízení — oslovit ASAP,False,,0.0,22.5,15.0,15.0,5.0
90,"Základní škola, Praha 4, Mikulova 1594",Praha,CZ0104,Hlavní město Praha,503,pacherova@zsmikulova.cz,,,57.5,A,PM,🟢 Poptávkové řízení — oslovit ASAP,False,,0.0,22.5,15.0,15.0,5.0
91,"Soukromá střední odborná škola a Soukromé střední odborné učiliště BEAN, s.r.o.",Praha,CZ01100,Hlavní město Praha,560,dostal@bean.cz,,,57.5,A,PM,🟢 Poptávkové řízení — oslovit ASAP,False,,0.0,22.5,15.0,15.0,5.0
92,"Základní škola, Praha 4, Donovalská 1684",Praha,CZ0104,Hlavní město Praha,595,info@donovalskazs.cz,,,57.5,A,PM,🟢 Poptávkové řízení — oslovit ASAP,False,,0.0,22.5,15.0,15.0,5.0
93,"Základní škola J. A. Komenského Lysá nad Labem, Komenského 1534, okres Nymburk",Lysá nad Labem,Nymburk,Středočeský kraj,534,info@zsjaklysa.cz,,,57.5,A,PM,🟢 Poptávkové řízení — oslovit ASAP,False,,0.0,22.5,15.0,15.0,5.0
94,"Základní škola U Krčského lesa, Praha 4, Jánošíkova 1320",Praha,CZ01100,Hlavní město Praha,532,skola@zsukrcskeholesa.cz,,,57.5,A,PM,🟢 Poptávkové řízení — oslovit ASAP,False,,0.0,22.5,15.0,15.0,5.0
95,"Základní škola a mateřská škola, Praha 3, nám. Jiřího z Lobkovic 22/121",Praha,CZ0103,Hlavní město Praha,507,skola@lobkovicovo.cz,,,57.5,A,PM,🟢 Poptávkové řízení — oslovit ASAP,False,,0.0,22.5,15.0,15.0,5.0
96,"Základní škola, Praha 4, Jílovská 1100",Praha,CZ0104,Hlavní město Praha,525,reditel@zsjilovska.cz,,,57.5,A,PM,🟢 Poptávkové řízení — oslovit ASAP,False,,0.0,22.5,15.0,15.0,5.0
97,"Základní škola Slaný, Rabasova 821, okres Kladno",Slaný,Kladno,Středočeský kraj,525,reditel@3zsslany.cz,,,57.5,A,PM,🟢 Poptávkové řízení — oslovit ASAP,False,,0.0,22.5,15.0,15.0,5.0
98,"Střední zemědělská škola a Střední odborné učiliště Čáslav, příspěvková organizace",Čáslav,Kutná Hora,Středočeský kraj,688,hornicek@szescaslav.cz,,,57.5,A,PM,🟢 Poptávkové řízení — oslovit ASAP,False,,0.0,22.5,15.0,15.0,5.0
99,Základní škola Unhošť,Unhošť,Kladno,Středočeský kraj,553,zsunhost@zsunhost.cz,,,57.5,A,PM,🟢 Poptávkové řízení — oslovit ASAP,False,,0.0,22.5,15.0,15.0,5.0
100,"Základní škola s rozšířenou výukou tělesné výchovy, Praha 4, Jitřní 185, příspěvková organizace",Praha,CZ0104,Hlavní město Praha,546,skola@zsjitrni.cz,,,57.5,A,PM,🟢 Poptávkové řízení — oslovit ASAP,False,,0.0,22.5,15.0,15.0,5.0
101,"Základní škola Benešov, Dukelská 1818",Benešov,Benešov,Středočeský kraj,693,zsben@zsben.cz,,,57.5,A,PM,🟢 Poptávkové řízení — oslovit ASAP,False,,0.0,22.5,15.0,15.0,5.0
102,"Základní škola Benešov, Jiráskova 888",Benešov,Benešov,Středočeský kraj,574,zsjiraskova@seznam.cz,,,57.5,A,PM,🟢 Poptávkové řízení — oslovit ASAP,False,,0.0,22.5,15.0,15.0,5.0
103,"Střední odborná škola a Střední odborné učiliště, Dubno",Dubno,Příbram,Středočeský kraj,560,reditel@dubno.cz,,,57.5,A,PM,🟢 Poptávkové řízení — oslovit ASAP,False,,0.0,22.5,15.0,15.0,5.0
104,"Základní škola Kladno, Brjanská 3078",Kladno,Kladno,Středočeský kraj,560,zs12@12zskladno.cz,,,57.5,A,PM,🟢 Poptávkové řízení — oslovit ASAP,False,,0.0,22.5,15.0,15.0,5.0
105,"Základní škola, Praha 10, Veronské náměstí 391",Praha,CZ010A,Hlavní město Praha,585,zsvn@zsvn.cz,,,57.5,A,PM,🟢 Poptávkové řízení — oslovit ASAP,False,,0.0,22.5,15.0,15.0,5.0
106,"Základní škola, Praha 3, Jeseniova 96/2400",Praha,CZ0103,Hlavní město Praha,641,reditelka@zsjeseniova.cz,,,57.5,A,PM,🟢 Poptávkové řízení — oslovit ASAP,False,,0.0,22.5,15.0,15.0,5.0
107,"Základní škola Vorlina Vlašim, příspěvková organizace",Vlašim,Benešov,Středočeský kraj,567,kancelar@zsvorlina.cz,,,57.5,A,PM,🟢 Poptávkové řízení — oslovit ASAP,False,,0.0,22.5,15.0,15.0,5.0
108,"Základní škola Sídliště Vlašim, příspěvková organizace",Vlašim,Benešov,Středočeský kraj,546,reditel@zssidliste.cz,,,57.5,A,PM,🟢 Poptávkové řízení — oslovit ASAP,False,,0.0,22.5,15.0,15.0,5.0
109,"Základní škola a Mateřská škola Kladno, Vodárenská 2116",Kladno,Kladno,Středočeský kraj,525,8.zskladno@seznam.cz,,,57.5,A,PM,🟢 Poptávkové řízení — oslovit ASAP,False,,0.0,22.5,15.0,15.0,5.0
110,"Základní škola a Mateřská škola Králův Dvůr, Jungmannova 292, okres Beroun, příspěvková organizace",Králův Dvůr,Beroun,Středočeský kraj,525,reditelna@zskd.cz,,,57.5,A,PM,🟢 Poptávkové řízení — oslovit ASAP,False,,0.0,22.5,15.0,15.0,5.0
111,Jungmannova základní škola Beroun,Beroun,Beroun,Středočeský kraj,546,sekretariat@jzs.cz,,,57.5,A,PM,🟢 Poptávkové řízení — oslovit ASAP,False,,0.0,22.5,15.0,15.0,5.0
112,"Základní škola Beroun, Wagnerovo náměstí 458",Beroun,Beroun,Středočeský kraj,567,skola@zswagnerka.cz,,,57.5,A,PM,🟢 Poptávkové řízení — oslovit ASAP,False,,0.0,22.5,15.0,15.0,5.0
113,"2. základní škola a mateřská škola, Beroun, Preislerova 1335",Beroun,Beroun,Středočeský kraj,581,kolarova@2zsb.cz,,,57.5,A,PM,🟢 Poptávkové řízení — oslovit ASAP,False,,0.0,22.5,15.0,15.0,5.0
114,"Základní škola a Mateřská škola Kladno, Ukrajinská 2447",Kladno,Kladno,Středočeský kraj,525,info@14zskladno.cz,,,57.5,A,PM,🟢 Poptávkové řízení — oslovit ASAP,False,,0.0,22.5,15.0,15.0,5.0
115,"Základní škola a Mateřská škola Kladno, Norská 2633",Kladno,Kladno,Středočeský kraj,686,sekretariat@zsnorska.cz,,,57.5,A,PM,🟢 Poptávkové řízení — oslovit ASAP,False,,0.0,22.5,15.0,15.0,5.0
116,"Střední odborná škola informatiky a spojů a Střední odborné učiliště, Kolín, Jaselská 826",Kolín,Kolín,Středočeský kraj,506,info@soskolin.cz,,,57.5,A,PM,🟢 Poptávkové řízení — oslovit ASAP,False,,0.0,22.5,15.0,15.0,5.0
117,"Střední průmyslová škola strojírenská a Jazyková škola s právem státní jazykové zkoušky, Kolín IV, Heverova 191",Kolín,Kolín,Středočeský kraj,525,prazak@sps-ko.cz,,,57.5,A,PM,🟢 Poptávkové řízení — oslovit ASAP,False,,0.0,22.5,15.0,15.0,5.0
118,"Základní škola, Praha 3, Lupáčova 1/1200",Praha,CZ0103,Hlavní město Praha,514,hauftova@lupacovka.cz,,,57.5,A,PM,🟢 Poptávkové řízení — oslovit ASAP,False,,0.0,22.5,15.0,15.0,5.0
119,"Gymnázium, Praha 8, Ústavní 400",Praha,CZ0108,Hlavní město Praha,510,sterbova@ggg.cz,,,57.5,A,PM,🟢 Poptávkové řízení — oslovit ASAP,False,,0.0,22.5,15.0,15.0,5.0
120,"Základní škola, Praha 10, Gutova 1987/39, příspěvková organizace",Praha,CZ010A,Hlavní město Praha,503,skola@zsgutova.cz,,,57.5,A,PM,🟢 Poptávkové řízení — oslovit ASAP,False,,0.0,22.5,15.0,15.0,5.0
121,"Obchodní akademie, Střední pedagogická škola a Jazyková škola s právem státní jazykové zkoušky, Beroun, U Stadionu 486",Beroun,Beroun,Středočeský kraj,698,martina.trojanova@oaspgsberoun.cz,,,57.5,A,PM,🟢 Poptávkové řízení — oslovit ASAP,False,,0.0,22.5,15.0,15.0,5.0
122,"Střední průmyslová škola a Vyšší odborná škola, Kladno, Jana Palacha 1840",Kladno,Kladno,Středočeský kraj,518,reditel@spskladno.cz,,,57.5,A,PM,🟢 Poptávkové řízení — oslovit ASAP,False,,0.0,22.5,15.0,15.0,5.0
123,Základní škola Ing. M. Plesingera - Božinova Neratovice,Neratovice,Mělník,Středočeský kraj,686,info@zs-mpb.cz,,,57.5,A,PM,🟢 Poptávkové řízení — oslovit ASAP,False,,0.0,22.5,15.0,15.0,5.0
124,"Základní škola Jindřicha Matiegky Mělník, příspěvková organizace",Mělník,Mělník,Středočeský kraj,588,skuta@zsjm-me.cz,,,57.5,A,PM,🟢 Poptávkové řízení — oslovit ASAP,False,,0.0,22.5,15.0,15.0,5.0
125,"1. kladenská soukromá střední škola a základní škola (1. KŠPA), s.r.o.",Kladno,Kladno,Středočeský kraj,595,kladno@1kspa.cz,,,57.5,A,PM,🟢 Poptávkové řízení — oslovit ASAP,False,,0.0,22.5,15.0,15.0,5.0
126,"Střední průmyslová škola stavební a Obchodní akademie, Kladno, Cyrila Boudy 2954",Kladno,Kladno,Středočeský kraj,503,opatrny@spssoa.cz,,,57.5,A,PM,🟢 Poptávkové řízení — oslovit ASAP,False,,0.0,22.5,15.0,15.0,5.0
127,Základní škola Žižkov,Kutná Hora,Kutná Hora,Středočeský kraj,550,skola@zszizkov.cz,,,57.5,A,PM,🟢 Poptávkové řízení — oslovit ASAP,False,,0.0,22.5,15.0,15.0,5.0
128,"Střední pedagogická škola a Střední odborná škola Kladno, příspěvková organizace",Středokluky,Praha-západ,Středočeský kraj,667,skola@spgsasoskladno.cz,,,57.5,A,PM,🟢 Poptávkové řízení — oslovit ASAP,False,,0.0,22.5,15.0,15.0,5.0
129,"Střední škola designu a řemesel Kladno, příspěvková organizace",Kladno,Kladno,Středočeský kraj,525,info@ssdr.cz,,,57.5,A,PM,🟢 Poptávkové řízení — oslovit ASAP,False,,0.0,22.5,15.0,15.0,5.0
130,Základní škola Brána jazyků s rozšířenou výukou matematiky,Praha,CZ0101,Hlavní město Praha,676,reditel@branajazyku.cz,,,57.5,A,PM,🟢 Poptávkové řízení — oslovit ASAP,False,,0.0,22.5,15.0,15.0,5.0
131,Základní škola Kostelec nad Černými lesy,Kostelec nad Černými lesy,Praha-východ,Středočeský kraj,679,zskostelecncl@volny.cz,,,57.5,A,PM,🟢 Poptávkové řízení — oslovit ASAP,False,,0.0,22.5,15.0,15.0,5.0
132,"Základní škola Pečky, okres Kolín",Pečky,Kolín,Středočeský kraj,560,admin@zspecky.cz,,,57.5,A,PM,🟢 Poptávkové řízení — oslovit ASAP,False,,0.0,22.5,15.0,15.0,5.0
133,"Základní škola Kunratice, Praha 4, Předškolní 420",Praha,CZ0104,Hlavní město Praha,567,reditel@zskunratice.cz,,,57.5,A,PM,🟢 Poptávkové řízení — oslovit ASAP,False,,0.0,22.5,15.0,15.0,5.0
134,"Základní škola Stará Boleslav, Brandýs nad Labem - Stará Boleslav, Jungmannova 164, okres Praha - východ",Brandýs nad Labem-Stará Boleslav,Praha-východ,Středočeský kraj,595,info@zsstaraboleslav.cz,,,57.5,A,PM,🟢 Poptávkové řízení — oslovit ASAP,False,,0.0,22.5,15.0,15.0,5.0
135,"ERUNI, univerzitní gymnázium a střední odborná škola Praha, z.ú.",Praha,CZ01100,Hlavní město Praha,571,zrizovatel@eruni.org,,,57.5,A,PM,🟢 Poptávkové řízení — oslovit ASAP,False,,0.0,22.5,15.0,15.0,5.0
136,"Základní škola Jana Wericha, Praha 6 - Řepy, Španielova 19/1111",Praha,CZ0106,Hlavní město Praha,525,reditelna@zs-jana-wericha.cz,,,57.5,A,PM,🟢 Poptávkové řízení — oslovit ASAP,False,,0.0,22.5,15.0,15.0,5.0
137,"Základní škola, Praha 10, nám. Bří Jandusů 2",Praha,CZ010A,Hlavní město Praha,567,reditel@zsjandusu.net,,,57.5,A,PM,🟢 Poptávkové řízení — oslovit ASAP,False,,0.0,22.5,15.0,15.0,5.0
138,"2. základní škola, Rakovník, Husovo náměstí 3",Rakovník,Rakovník,Středočeský kraj,510,2zsrako@2zsrako.cz,,,57.5,A,PM,🟢 Poptávkové řízení — oslovit ASAP,False,,0.0,22.5,15.0,15.0,5.0
139,Základní škola Řevnice,Řevnice,Praha-západ,Středočeský kraj,507,reznicek@zsrevnice.cz,,,57.5,A,PM,🟢 Poptávkové řízení — oslovit ASAP,False,,0.0,22.5,15.0,15.0,5.0
140,"3. základní škola, Rakovník, Okružní 2331",Rakovník,Rakovník,Středočeský kraj,602,steidl@3zsrako.cz,,,57.5,A,PM,🟢 Poptávkové řízení — oslovit ASAP,False,,0.0,22.5,15.0,15.0,5.0
141,Základní škola Jílové u Prahy,Jílové u Prahy,Praha-západ,Středočeský kraj,560,zsjilove@zsjilove.cz,,,57.5,A,PM,🟢 Poptávkové řízení — oslovit ASAP,False,,0.0,22.5,15.0,15.0,5.0
142,"ZÁKLADNÍ ŠKOLA A ZÁKLADNÍ UMĚLECKÁ ŠKOLA JESENICE, příspěvková organizace",Jesenice,Praha-západ,Středočeský kraj,597,podatelna@jesenickaskola.cz,,,57.5,A,PM,🟢 Poptávkové řízení — oslovit ASAP,False,,0.0,22.5,15.0,15.0,5.0
143,Základní škola Fryčovická,Praha,CZ0109,Hlavní město Praha,595,nytrova@zsfrycovicka.cz,,,57.5,A,PM,🟢 Poptávkové řízení — oslovit ASAP,False,,0.0,22.5,15.0,15.0,5.0
144,"Střední průmyslová škola stavební Josefa Gočára, Praha 4, Družstevní ochoz 3",Praha,CZ0104,Hlavní město Praha,521,reditelka@spsgocar.cz,,,57.5,A,PM,🟢 Poptávkové řízení — oslovit ASAP,False,,0.0,22.5,15.0,15.0,5.0
145,"Základní škola Marjánka, Praha 6, Bělohorská 52",Praha,CZ0106,Hlavní město Praha,630,info@zsmarjanka.cz,,,57.5,A,PM,🟢 Poptávkové řízení — oslovit ASAP,False,,0.0,22.5,15.0,15.0,5.0
146,"2. základní škola Bezručova Říčany, příspěvková organizace",Říčany,Praha-východ,Středočeský kraj,581,reditel@2zs.ricany.cz,,,57.5,A,PM,🟢 Poptávkové řízení — oslovit ASAP,False,,0.0,22.5,15.0,15.0,5.0
147,"Gymnázium, Praha 4, Na Vítězné pláni 1160",Praha,CZ0104,Hlavní město Praha,510,horyna@gvp.cz; imramop@gvp.cz,,,57.5,A,PM,🟢 Poptávkové řízení — oslovit ASAP,False,,0.0,22.5,15.0,15.0,5.0
148,"Základní škola Dědina, Praha 6, Žukovského 6",Praha,CZ0106,Hlavní město Praha,567,dundera@zsdedina.cz,,,57.5,A,PM,🟢 Poptávkové řízení — oslovit ASAP,False,,0.0,22.5,15.0,15.0,5.0
149,Základní škola Dobřichovice,Dobřichovice,Praha-západ,Středočeský kraj,518,skvorova@zsdobrichovice.cz,,,57.5,A,PM,🟢 Poptávkové řízení — oslovit ASAP,False,,0.0,22.5,15.0,15.0,5.0
150,"Střední odborná škola a Střední odborné učiliště, Nymburk, V Kolonii 1804",Nymburk,Nymburk,Středočeský kraj,560,cop@copnb.cz,,,57.5,A,PM,🟢 Poptávkové řízení — oslovit ASAP,False,,0.0,22.5,15.0,15.0,5.0
151,"Základní škola, Praha 9 - Černý Most, Bří. Venclíků 1140",Praha,CZ0109,Hlavní město Praha,567,info@zsvencliku.cz,,,57.5,A,PM,🟢 Poptávkové řízení — oslovit ASAP,False,,0.0,22.5,15.0,15.0,5.0
152,Základní škola Úvaly,Úvaly,Praha-východ,Středočeský kraj,673,zsuvaly@zsuvaly.cz,,,57.5,A,PM,🟢 Poptávkové řízení — oslovit ASAP,False,,0.0,22.5,15.0,15.0,5.0
153,"Střední odborná škola a Střední odborné učiliště, Kladno, Dubská",Kladno,Kladno,Středočeský kraj,591,reditelstvi@sou-dubska.cz,,,57.5,A,PM,🟢 Poptávkové řízení — oslovit ASAP,False,,0.0,22.5,15.0,15.0,5.0
154,"Základní škola a Mateřská škola Emy Destinnové, Praha 6, náměstí Svobody 3/930",Praha,CZ0106,Hlavní město Praha,661,info@zsemydestinnove.cz,,,57.5,A,PM,🟢 Poptávkové řízení — oslovit ASAP,False,,0.0,22.5,15.0,15.0,5.0
155,"Základní škola U Obory, Praha 10, Vachkova 630",Praha,CZ010A,Hlavní město Praha,679,ivana.vodickova.zs@seznam.cz,,,57.5,A,PM,🟢 Poptávkové řízení — oslovit ASAP,False,,0.0,22.5,15.0,15.0,5.0
156,Základní škola a Mateřská škola Tupolevova,Praha,CZ0109,Hlavní město Praha,609,pasiniova@tupolevka.cz,,,57.5,A,PM,🟢 Poptávkové řízení — oslovit ASAP,False,,0.0,22.5,15.0,15.0,5.0
157,"Základní škola a Základní umělecká škola Rudná, okres Praha - západ",Rudná,Praha-západ,Středočeský kraj,630,reditel@zsrudna.cz,,,57.5,A,PM,🟢 Poptávkové řízení — oslovit ASAP,False,,0.0,22.5,15.0,15.0,5.0
158,"Základní škola, Praha 8, Glowackého 6",Praha,CZ0108,Hlavní město Praha,560,zastupkyne@glowackeho.eu,,,57.5,A,PM,🟢 Poptávkové řízení — oslovit ASAP,False,,0.0,22.5,15.0,15.0,5.0
159,"Střední průmyslová škola sdělovací techniky, Praha 1, Panská 3",Praha,CZ0101,Hlavní město Praha,503,ruml@panska.cz,,,57.5,A,PM,🟢 Poptávkové řízení — oslovit ASAP,False,,0.0,22.5,15.0,15.0,5.0
160,"Základní škola, Praha 8, Hovorčovická 11",Praha,CZ0108,Hlavní město Praha,525,tomas.taborsky@zshovorcovicka.cz,,,57.5,A,PM,🟢 Poptávkové řízení — oslovit ASAP,False,,0.0,22.5,15.0,15.0,5.0
161,"Gymnázium Jana Nerudy, škola hlavního města Prahy, Praha 1, Hellichova 3",Praha,CZ0101,Hlavní město Praha,616,wienerova@gjn.cz,,,57.5,A,PM,🟢 Poptávkové řízení — oslovit ASAP,False,,0.0,22.5,15.0,15.0,5.0
162,"Základní škola, Praha 8, Žernosecká 3",Praha,CZ0108,Hlavní město Praha,510,reditelka@zernosecka.cz,,,57.5,A,PM,🟢 Poptávkové řízení — oslovit ASAP,False,,0.0,22.5,15.0,15.0,5.0
163,"Střední průmyslová škola Emila Kolbena Rakovník, příspěvková organizace",Rakovník,Rakovník,Středočeský kraj,581,j.jiratko@spsrakovnik.cz,,,57.5,A,PM,🟢 Poptávkové řízení — oslovit ASAP,False,,0.0,22.5,15.0,15.0,5.0
164,Základní škola J. A. Komenského Nové Strašecí,Nové Strašecí,Rakovník,Středočeský kraj,644,petr.chochola@zsnovestraseci.cz,,,57.5,A,PM,🟢 Poptávkové řízení — oslovit ASAP,False,,0.0,22.5,15.0,15.0,5.0
165,"1.základní škola Sedlčany, Primáře Kareše 68, okres Příbram",Sedlčany,Příbram,Středočeský kraj,525,skola@1zs-sedlcany.cz,,,57.5,A,PM,🟢 Poptávkové řízení — oslovit ASAP,False,,0.0,22.5,15.0,15.0,5.0
166,"Vyšší odborná škola a Střední průmyslová škola dopravní, Praha 1, Masná 18",Praha,CZ0101,Hlavní město Praha,546,ineman@spsdmasna.cz; hronova@spsdmasna.cz,,,57.5,A,PM,🟢 Poptávkové řízení — oslovit ASAP,False,,0.0,22.5,15.0,15.0,5.0
167,"Základní škola, Příbram VIII, Školní 75",Příbram,Příbram,Středočeský kraj,609,hradecky@skolni.pb.cz,,,57.5,A,PM,🟢 Poptávkové řízení — oslovit ASAP,False,,0.0,22.5,15.0,15.0,5.0
168,"Základní škola, Příbram VII, 28. října 1",Příbram,Příbram,Středočeský kraj,503,info@5zs-pb.cz,,,57.5,A,PM,🟢 Poptávkové řízení — oslovit ASAP,False,,0.0,22.5,15.0,15.0,5.0
169,"2. základní škola Dobříš, Školní 1035, okres Příbram",Dobříš,Příbram,Středočeský kraj,644,podatelna@2zsdobris.cz,,,57.5,A,PM,🟢 Poptávkové řízení — oslovit ASAP,False,,0.0,22.5,15.0,15.0,5.0
170,"Základní škola a mateřská škola, Praha 8, Lyčkovo náměstí 6",Praha,CZ0108,Hlavní město Praha,646,jan.korda@smysluplnaskola.cz,,,57.5,A,PM,🟢 Poptávkové řízení — oslovit ASAP,False,,0.0,22.5,15.0,15.0,5.0
171,"Základní škola Mníšek pod Brdy, okres Praha - západ",Mníšek pod Brdy,Praha-západ,Středočeský kraj,682,vedeni@zsmnisek.cz,,,57.5,A,PM,🟢 Poptávkové řízení — oslovit ASAP,False,,0.0,22.5,15.0,15.0,5.0
172,"Základní škola, Praha 9 - Černý Most, Vybíralova 964",Praha,CZ0109,Hlavní město Praha,644,info@zsvybiralova.cz,,,57.5,A,PM,🟢 Poptávkové řízení — oslovit ASAP,False,,0.0,22.5,15.0,15.0,5.0
173,Obchodní akademie Vinohradská,Praha,CZ0102,Hlavní město Praha,507,milan.macek@oavin.cz,,,57.5,A,PM,🟢 Poptávkové řízení — oslovit ASAP,False,,0.0,22.5,15.0,15.0,5.0
174,"Střední průmyslová škola elektrotechnická, Praha 2, Ječná 30",Praha,CZ0102,Hlavní město Praha,609,spsejecna@spsejecna.cz,,,57.5,A,PM,🟢 Poptávkové řízení — oslovit ASAP,False,,0.0,22.5,15.0,15.0,5.0
175,"Základní škola a mateřská škola Ústavní, Praha 8, Hlivická 1",Praha,CZ0108,Hlavní město Praha,525,skola@zs-ustavni.cz; reditelka@zs-ustavni.cz,,,57.5,A,PM,🟢 Poptávkové řízení — oslovit ASAP,False,,0.0,22.5,15.0,15.0,5.0
176,"Základní škola a Mateřská škola Antonína Čermáka, Praha 6",Praha,CZ0106,Hlavní město Praha,542,petr.karvanek@zscermaka.cz,,,57.5,A,PM,🟢 Poptávkové řízení — oslovit ASAP,False,,0.0,22.5,15.0,15.0,5.0
177,"Základní škola pod Svatou Horou, Příbram",Příbram,Příbram,Středočeský kraj,539,roman.behun@1zs-pb.cz,,,57.5,A,PM,🟢 Poptávkové řízení — oslovit ASAP,False,,0.0,22.5,15.0,15.0,5.0
178,"Gymnázium a Základní škola T. G. Masaryka Mnichovice okres Praha-východ, příspěvková organizace",Mnichovice,Praha-východ,Středočeský kraj,553,info@zsmnichovice.cz,,,57.5,A,PM,🟢 Poptávkové řízení — oslovit ASAP,False,,0.0,22.5,15.0,15.0,5.0
179,"Fakultní základní škola Pedagogické fakulty UK, Praha 13, Mezi Školami 2322",Praha,CZ01100,Hlavní město Praha,665,reditel@fzsmeziskolami.cz,,,57.5,A,PM,🟢 Poptávkové řízení — oslovit ASAP,False,,0.0,22.5,15.0,15.0,5.0
180,"Fakultní základní škola s rozšířenou výukou jazyků při PedF UK, Praha 5 - Smíchov, Drtinova 1/1861, příspěvková organizace",Praha,CZ0105,Hlavní město Praha,503,reditelna@zsdrtinova.cz,,,57.5,A,PM,🟢 Poptávkové řízení — oslovit ASAP,False,,0.0,22.5,15.0,15.0,5.0
181,Základní škola Mukařov,Mukařov,Praha-východ,Středočeský kraj,501,podatelna@zsmukarov.cz,,,57.5,A,PM,🟢 Poptávkové řízení — oslovit ASAP,False,,0.0,22.5,15.0,15.0,5.0
182,"Základní škola Čelákovice, J. A. Komenského 414, příspěvková organizace",Čelákovice,Praha-východ,Středočeský kraj,560,info@zscelakovice.cz,,,57.5,A,PM,🟢 Poptávkové řízení — oslovit ASAP,False,,0.0,22.5,15.0,15.0,5.0
183,"Základní škola, Praha 10, Hornoměcholupská 873",Praha,CZ010A,Hlavní město Praha,567,zs@hornomep.cz,,,57.5,A,PM,🟢 Poptávkové řízení — oslovit ASAP,False,,0.0,22.5,15.0,15.0,5.0
184,"Fakultní základní škola profesora Otokara Chlupa Pedagogické fakulty UK, Praha 13, Fingerova 2186",Praha,CZ0105,Hlavní město Praha,616,sekretariat@fzs-chlupa.cz,,,57.5,A,PM,🟢 Poptávkové řízení — oslovit ASAP,False,,0.0,22.5,15.0,15.0,5.0
185,"Gymnázium Jaroslava Heyrovského, Praha 5, Mezi Školami 2475",Praha,CZ0105,Hlavní město Praha,554,bauer@gymjh.cz,,,57.5,A,PM,🟢 Poptávkové řízení — oslovit ASAP,False,,0.0,22.5,15.0,15.0,5.0
186,"Základní škola a mateřská škola Praha 5 - Košíře, Weberova 1/1090, příspěvková organizace",Praha,CZ0105,Hlavní město Praha,503,reditel@zsweberova.cz,,,57.5,A,PM,🟢 Poptávkové řízení — oslovit ASAP,False,,0.0,22.5,15.0,15.0,5.0
187,Základní škola Vítězslava Hálka Odolena Voda,Odolena Voda,Praha-východ,Středočeský kraj,679,reditelna@zsodolenavoda.cz,,,57.5,A,PM,🟢 Poptávkové řízení — oslovit ASAP,False,,0.0,22.5,15.0,15.0,5.0
188,"Základní škola, Praha 9 - Lehovec, Chvaletická 918",Praha,CZ0109,Hlavní město Praha,607,info@zschvaleticka.cz,,,57.5,A,PM,🟢 Poptávkové řízení — oslovit ASAP,False,,0.0,22.5,15.0,15.0,5.0
189,"Základní škola a mateřská škola Barrandov, Praha 5 - Hlubočepy, Chaplinovo nám. 1/615, příspěvková organizace",Praha,CZ0105,Hlavní město Praha,630,sekretariat@zsbarr.cz,,,57.5,A,PM,🟢 Poptávkové řízení — oslovit ASAP,False,,0.0,22.5,15.0,15.0,5.0
190,"Základní škola a Mateřská škola Klecany, okres Praha - východ",Klecany,Praha-východ,Středočeský kraj,665,zs@zsmsklecany.cz,,,57.5,A,PM,🟢 Poptávkové řízení — oslovit ASAP,False,,0.0,22.5,15.0,15.0,5.0
191,"Základní škola Generála Janouška, Praha 9 - Černý Most, Dygrýnova 1006/21",Praha,CZ0109,Hlavní město Praha,560,info@zsgenjanouska.cz,,,57.5,A,PM,🟢 Poptávkové řízení — oslovit ASAP,False,,0.0,22.5,15.0,15.0,5.0
192,"Základní škola Čelákovice, Kostelní 457, příspěvková organizace",Čelákovice,Praha-východ,Středočeský kraj,595,skola@kamenka-celakovice.cz,,,57.5,A,PM,🟢 Poptávkové řízení — oslovit ASAP,False,,0.0,22.5,15.0,15.0,5.0
193,Základní škola a Mateřská škola Na Balabence,Praha,CZ0109,Hlavní město Praha,628,skola@zsbalabenka.cz,,,57.5,A,PM,🟢 Poptávkové řízení — oslovit ASAP,False,,0.0,22.5,15.0,15.0,5.0
194,"Základní škola a mateřská škola Praha - Zličín, příspěvková organizace",Praha,CZ0105,Hlavní město Praha,540,info@zszlicin.cz,,,57.5,A,PM,🟢 Poptávkové řízení — oslovit ASAP,False,,0.0,22.5,15.0,15.0,5.0
195,Základní škola Špitálská,Praha 9 - Vysočany,CZ0109,Hlavní město Praha,503,vasakovam@zsspitalska.cz,,,57.5,A,PM,🟢 Poptávkové řízení — oslovit ASAP,False,,0.0,22.5,15.0,15.0,5.0
196,Základní škola Palachova Brandýs n. L.,Brandýs nad Labem-Stará Boleslav,Praha-východ,Středočeský kraj,546,info@fzs-palachova.cz,,,57.5,A,PM,🟢 Poptávkové řízení — oslovit ASAP,False,,0.0,22.5,15.0,15.0,5.0
197,Gymnázium FOSTRA International s.r.o.,Praha,CZ0103,Hlavní město Praha,672,studijni@fostra.cz,,,57.5,A,PM,🟢 Poptávkové řízení — oslovit ASAP,False,,0.0,22.5,15.0,15.0,5.0
198,Základní škola Litvínovská 500,Praha,CZ0109,Hlavní město Praha,574,martin.kocman@litvinovska500.cz,,,57.5,A,PM,🟢 Poptávkové řízení — oslovit ASAP,False,,0.0,22.5,15.0,15.0,5.0
199,"Základní škola Mikoláše Alše, Praha - Suchdol, Suchdolská 360",Praha,CZ0106,Hlavní město Praha,532,zs-m.alse@seznam.cz; posta@zssuchdol.cz,,,57.5,A,PM,🟢 Poptávkové řízení — oslovit ASAP,False,,0.0,22.5,15.0,15.0,5.0
200,"Fakultní základní škola Pedagogické fakulty UK, Praha 13, Trávníčkova 1744",Praha,CZ0105,Hlavní město Praha,665,skola@zstravnickova.cz,,,57.5,A,PM,🟢 Poptávkové řízení — oslovit ASAP,False,,0.0,22.5,15.0,15.0,5.0
201,"Fakultní základní škola při Pedagogické fakultě UK, Praha 13, Brdičkova 1878",Praha,CZ0105,Hlavní město Praha,588,skola@fzsbrdickova.cz,,,57.5,A,PM,🟢 Poptávkové řízení — oslovit ASAP,False,,0.0,22.5,15.0,15.0,5.0
202,"Základní škola a Mateřská škola Červený vrch, Praha 6, Alžírská 26",Praha,CZ0106,Hlavní město Praha,588,cibulkova@zscvrch.cz,,,57.5,A,PM,🟢 Poptávkové řízení — oslovit ASAP,False,,0.0,22.5,15.0,15.0,5.0
203,"Základní škola, Praha 4, Mendelova 550",Praha,CZ0104,Hlavní město Praha,630,zs.mendelova@centrum.cz,,,57.5,A,PM,🟢 Poptávkové řízení — oslovit ASAP,False,,0.0,22.5,15.0,15.0,5.0
204,"Střední odborná škola stavební a Střední odborné učiliště stavební, Kolín II, Pražská 112",Kolín,Kolín,Středočeský kraj,670,info@stavebnikolin.cz,,,57.5,A,PM,🟢 Poptávkové řízení — oslovit ASAP,False,,0.0,22.5,15.0,15.0,5.0
205,Základní škola Rakovského v Praze 12,Praha,CZ0104,Hlavní město Praha,618,pavel.nedbal@zsrakovskeho.cz,,,57.5,A,PM,🟢 Poptávkové řízení — oslovit ASAP,False,,0.0,22.5,15.0,15.0,5.0
206,"Základní škola a Mateřská škola, Praha 6, Bílá 1",Praha,CZ0106,Hlavní město Praha,525,skola@zsbila.cz,,,57.5,A,PM,🟢 Poptávkové řízení — oslovit ASAP,False,,0.0,22.5,15.0,15.0,5.0
207,"MICHAEL - Střední škola, Gymnázium a Vyšší odborná škola, s.r.o.",Praha,CZ0104,Hlavní město Praha,510,info@skolamichael.cz; hrubesovam@skolamichael.cz,,,57.5,A,PM,🟢 Poptávkové řízení — oslovit ASAP,False,,0.0,22.5,15.0,15.0,5.0
208,Základní škola profesora Švejcara v Praze 12,Praha,CZ0104,Hlavní město Praha,567,mrackova@mrackova.cz,,,57.5,A,PM,🟢 Poptávkové řízení — oslovit ASAP,False,,0.0,22.5,15.0,15.0,5.0
209,"Střední škola a Vyšší odborná škola cestovního ruchu, České Budějovice, Senovážné náměstí 12",České Budějovice,České Budějovice,Jihočeský kraj,630,info@skolacrcb.cz,,,56.0,A,PM,🟢 Poptávkové řízení — oslovit ASAP,False,,0.0,22.5,15.0,13.5,5.0
210,"Základní škola F. L. Čelakovského, Strakonice, Jezerní 1280",Strakonice,Strakonice,Jihočeský kraj,616,reditel@flc.strakonice.eu,,,56.0,A,PM,🟢 Poptávkové řízení — oslovit ASAP,False,,0.0,22.5,15.0,13.5,5.0
211,"Základní škola, Pohůrecká 16, České Budějovice",České Budějovice,České Budějovice,Jihočeský kraj,616,kancelar@zspohurecka.cz,,,56.0,A,PM,🟢 Poptávkové řízení — oslovit ASAP,False,,0.0,22.5,15.0,13.5,5.0
212,"Základní škola Strakonice, Dukelská 166",Strakonice,Strakonice,Jihočeský kraj,682,posta@dukelska.strakonice.cz,,,56.0,A,PM,🟢 Poptávkové řízení — oslovit ASAP,False,,0.0,22.5,15.0,13.5,5.0
213,"Vyšší odborná škola, Střední škola, Centrum odborné přípravy, Sezimovo Ústí, Budějovická 421",Sezimovo Ústí,Tábor,Jihočeský kraj,689,cop@copsu.cz,,,56.0,A,PM,🟢 Poptávkové řízení — oslovit ASAP,False,,0.0,22.5,15.0,13.5,5.0
214,"Základní škola Josefa Kajetána Tyla a Mateřská škola Písek, Tylova 2391",Písek,Písek,Jihočeský kraj,525,info@zstylova.cz,,,56.0,A,PM,🟢 Poptávkové řízení — oslovit ASAP,False,,0.0,22.5,15.0,13.5,5.0
215,"Základní škola Máj I, M. Chlajna 21, České Budějovice",České Budějovice,České Budějovice,Jihočeský kraj,567,reditel@zsmaj.cz,,,56.0,A,PM,🟢 Poptávkové řízení — oslovit ASAP,False,,0.0,22.5,15.0,13.5,5.0
216,Základní škola Trhové Sviny,Trhové Sviny,České Budějovice,Jihočeský kraj,503,zsts@zssviny.cz,,,56.0,A,PM,🟢 Poptávkové řízení — oslovit ASAP,False,,0.0,22.5,15.0,13.5,5.0
217,"Základní škola a Mateřská škola Tábor, náměstí Mikuláše z Husi 45",Tábor,Tábor,Jihočeský kraj,503,reditel@zsmikulasezhusi.cz,,,56.0,A,PM,🟢 Poptávkové řízení — oslovit ASAP,False,,0.0,22.5,15.0,13.5,5.0
218,"Gymnázium Pierra de Coubertina, Tábor, Náměstí Františka Křižíka 860",Tábor,Tábor,Jihočeský kraj,546,skola@gymta.cz,,,56.0,A,PM,🟢 Poptávkové řízení — oslovit ASAP,False,,0.0,22.5,15.0,13.5,5.0
219,"Základní škola, Grünwaldova 13, České Budějovice",České Budějovice,České Budějovice,Jihočeský kraj,510,reditel@zsgrunwaldova.cz,,,56.0,A,PM,🟢 Poptávkové řízení — oslovit ASAP,False,,0.0,22.5,15.0,13.5,5.0
220,"Střední průmyslová škola strojní a stavební, Tábor, Komenského 1670",Tábor,Tábor,Jihočeský kraj,641,info@sps-tabor.cz,,,56.0,A,PM,🟢 Poptávkové řízení — oslovit ASAP,False,,0.0,22.5,15.0,13.5,5.0
221,Euroškola Strakonice střední odborná škola s.r.o.,Strakonice,Strakonice,Jihočeský kraj,518,info@euroskolastrakonice.cz,,,56.0,A,PM,🟢 Poptávkové řízení — oslovit ASAP,False,,0.0,22.5,15.0,13.5,5.0
222,"Základní škola Týn nad Vltavou, Hlinecká",Týn nad Vltavou,České Budějovice,Jihočeský kraj,560,zshlinecka@volny.cz,,,56.0,A,PM,🟢 Poptávkové řízení — oslovit ASAP,False,,0.0,22.5,15.0,13.5,5.0
223,"Základní škola, České Budějovice, Oskara Nedbala 30",České Budějovice,České Budějovice,Jihočeský kraj,630,zsonedbala@volny.cz,,,56.0,A,PM,🟢 Poptávkové řízení — oslovit ASAP,False,,0.0,22.5,15.0,13.5,5.0
224,"Základní škola T. G. Masaryka a Mateřská škola Písek, Čelakovského 24",Písek,Písek,Jihočeský kraj,588,jiri.kothanek@tgmpisek.cz,,,56.0,A,PM,🟢 Poptávkové řízení — oslovit ASAP,False,,0.0,22.5,15.0,13.5,5.0
225,"Základní škola, Dukelská 11, České Budějovice",České Budějovice,České Budějovice,Jihočeský kraj,560,ruzena.koubova@zsdukelska.cz,,,56.0,A,PM,🟢 Poptávkové řízení — oslovit ASAP,False,,0.0,22.5,15.0,13.5,5.0
226,"Základní škola Volary, příspěvková organizace",Volary,Prachatice,Jihočeský kraj,525,reditel@zsvolary.cz,,,56.0,A,PM,🟢 Poptávkové řízení — oslovit ASAP,False,,0.0,22.5,15.0,13.5,5.0
227,"Základní škola Edvarda Beneše a Mateřská škola Písek, Mírové nám. 1466",Písek,Písek,Jihočeský kraj,577,reditel@zsebenese.cz,,,56.0,A,PM,🟢 Poptávkové řízení — oslovit ASAP,False,,0.0,22.5,15.0,13.5,5.0
228,Základní škola a Gymnázium Vodňany,Vodňany,Strakonice,Jihočeský kraj,693,info@zsgvodnany.cz,,,56.0,A,PM,🟢 Poptávkové řízení — oslovit ASAP,False,,0.0,22.5,15.0,13.5,5.0
229,"Gymnázium, Písek, Komenského 89",Písek,Písek,Jihočeský kraj,510,info@gymna-pi.cz,,,56.0,A,PM,🟢 Poptávkové řízení — oslovit ASAP,False,,0.0,22.5,15.0,13.5,5.0
230,"Obchodní akademie, Střední odborná škola a Střední odborné učiliště, Třeboň, Vrchlického 567",Třeboň,Jindřichův Hradec,Jihočeský kraj,616,pkaninsky@sostrebon.cz,,,56.0,A,PM,🟢 Poptávkové řízení — oslovit ASAP,False,,0.0,22.5,15.0,13.5,5.0
231,"Střední zdravotnická škola a Vyšší odborná škola zdravotnická, České Budějovice, Husova 3",České Budějovice,České Budějovice,Jihočeský kraj,553,skola@szscb.cz,,,56.0,A,PM,🟢 Poptávkové řízení — oslovit ASAP,False,,0.0,22.5,15.0,13.5,5.0
232,"Střední odborná škola a Střední odborné učiliště, Jindřichův Hradec, Jáchymova 478",Jindřichův Hradec,Jindřichův Hradec,Jihočeský kraj,532,sos-jh@sos-jh.cz,,,56.0,A,PM,🟢 Poptávkové řízení — oslovit ASAP,False,,0.0,22.5,15.0,13.5,5.0
233,"Základní škola Třeboň, Na Sadech 375",Třeboň,Jindřichův Hradec,Jihočeský kraj,525,info@zstrebon.cz,,,56.0,A,PM,🟢 Poptávkové řízení — oslovit ASAP,False,,0.0,22.5,15.0,13.5,5.0
234,"Základní škola Protivín, se sídlem 398 11 Protivín, Komenského 238",Protivín,Písek,Jihočeský kraj,546,kancelar@zsprotivin.cz,,,56.0,A,PM,🟢 Poptávkové řízení — oslovit ASAP,False,,0.0,22.5,15.0,13.5,5.0
235,"Základní škola Jana Husa a Mateřská škola Písek, Husovo nám. 725",Písek,Písek,Jihočeský kraj,560,info@zsjanahusa.cz,,,56.0,A,PM,🟢 Poptávkové řízení — oslovit ASAP,False,,0.0,22.5,15.0,13.5,5.0
236,"Základní škola Kaplice, Fantova 446",Kaplice,Český Krumlov,Jihočeský kraj,560,fantovka@fantovka.cz,,,56.0,A,PM,🟢 Poptávkové řízení — oslovit ASAP,False,,0.0,22.5,15.0,13.5,5.0
237,"Základní škola Tábor, Zborovská 2696",Tábor,Tábor,Jihočeský kraj,686,zstabor@seznam.cz,,,56.0,A,PM,🟢 Poptávkové řízení — oslovit ASAP,False,,0.0,22.5,15.0,13.5,5.0
238,"Základní škola a Mateřská škola Tábor, Husova 1570",Tábor,Tábor,Jihočeský kraj,672,zshusovata@seznam.cz,,,56.0,A,PM,🟢 Poptávkové řízení — oslovit ASAP,False,,0.0,22.5,15.0,13.5,5.0
